{
  "total_unique_vertices": 5550064,
  "total_observations": 17639346,
  "visibility": {
    "min": 1,
    "max": 1014,
    "mean": 3.17822389075153,
    "median": 1.0,
    "std": 11.222756099556861
  },
  "coverage": {
    "visible_in_all_frames": 791,
    "visible_in_50pct_frames": 3827,
    "visible_in_25pct_frames": 13213,
    "visible_in_10pct_frames": 51936
  },
  "theta_samples": 360
}