{
  "total_unique_vertices": 1878021,
  "total_observations": 3527848,
  "visibility": {
    "min": 1,
    "max": 205,
    "mean": 1.8784923065290537,
    "median": 1.0,
    "std": 3.7452642518861836
  },
  "coverage": {
    "visible_in_all_frames": 839,
    "visible_in_50pct_frames": 4287,
    "visible_in_25pct_frames": 14127,
    "visible_in_10pct_frames": 53324
  },
  "theta_samples": 72
}